{
  "version": 1,
  "author": "phs Zw",
  "editor": "wokwi",
  "parts": [
    { "type": "wokwi-breadboard", "id": "bb1", "top": -271.8, "left": 41.2, "attrs": {} },
    { "type": "wokwi-arduino-uno", "id": "uno", "top": -239.4, "left": -346.2, "attrs": {} },
    { "type": "wokwi-led", "id": "led1", "top": -186, "left": 90.2, "attrs": { "color": "red" } },
    {
      "type": "wokwi-resistor",
      "id": "r1",
      "top": -111.8,
      "left": 75.95,
      "rotate": 270,
      "attrs": { "value": "1000" }
    },
    {
      "type": "wokwi-led",
      "id": "led2",
      "top": -186,
      "left": 128.6,
      "attrs": { "color": "yellow" }
    },
    {
      "type": "wokwi-resistor",
      "id": "r2",
      "top": -111.8,
      "left": 114.35,
      "rotate": 270,
      "attrs": { "value": "1000" }
    },
    {
      "type": "wokwi-led",
      "id": "led3",
      "top": -186,
      "left": 167,
      "attrs": { "color": "limegreen" }
    },
    {
      "type": "wokwi-resistor",
      "id": "r3",
      "top": -111.8,
      "left": 152.75,
      "rotate": 270,
      "attrs": { "value": "1000" }
    },
    {
      "type": "wokwi-photoresistor-sensor",
      "id": "ldr1",
      "top": -317.1,
      "left": 157.7,
      "rotate": 90,
      "attrs": {}
    },
    {
      "type": "wokwi-buzzer",
      "id": "bz1",
      "top": -295.2,
      "left": 289.8,
      "attrs": { "volume": "0.1" }
    },
    {
      "type": "wokwi-lcd1602",
      "id": "lcd1",
      "top": 35.2,
      "left": -23.2,
      "attrs": { "pins": "i2c" }
    },
    { "type": "wokwi-dht22", "id": "dht1", "top": -316.5, "left": 378.6, "attrs": {} }
  ],
  "connections": [
    [ "uno:GND.2", "bb1:bn.1", "black", [ "v19.1", "h147.9", "v-48" ] ],
    [ "bb1:6b.h", "uno:6", "green", [ "v86.4", "h-76.8", "v-230.4", "h-19.2" ] ],
    [ "bb1:10b.h", "uno:4", "green", [ "v96", "h-124.8", "v-230.4", "h-153.6" ] ],
    [ "bb1:14b.h", "uno:2", "green", [ "v105.6", "h-172.8", "v-230.4", "h-9.6" ] ],
    [ "bb1:18t.d", "uno:A0", "green", [ "v172.8", "h-364.8" ] ],
    [ "bb1:20t.d", "bb1:bn.16", "black", [ "v0" ] ],
    [ "bb1:21t.d", "bb1:bp.16", "red", [ "v0" ] ],
    [ "uno:5V", "bb1:bp.1", "red", [ "v38.3", "h195.8", "v-76.8" ] ],
    [ "bz1:1", "bb1:bn.21", "black", [ "v0" ] ],
    [ "r1:1", "bb1:bn.3", "", [ "$bb" ] ],
    [ "r1:2", "bb1:5b.h", "", [ "$bb" ] ],
    [ "led1:A", "bb1:6b.g", "", [ "$bb" ] ],
    [ "led1:C", "bb1:5b.g", "", [ "$bb" ] ],
    [ "led2:A", "bb1:10b.g", "", [ "$bb" ] ],
    [ "led2:C", "bb1:9b.g", "", [ "$bb" ] ],
    [ "r2:1", "bb1:bn.6", "", [ "$bb" ] ],
    [ "r2:2", "bb1:9b.h", "", [ "$bb" ] ],
    [ "led3:A", "bb1:14b.g", "", [ "$bb" ] ],
    [ "led3:C", "bb1:13b.g", "", [ "$bb" ] ],
    [ "r3:1", "bb1:bn.10", "", [ "$bb" ] ],
    [ "r3:2", "bb1:13b.h", "", [ "$bb" ] ],
    [ "ldr1:VCC", "bb1:21t.c", "", [ "$bb" ] ],
    [ "ldr1:GND", "bb1:20t.c", "", [ "$bb" ] ],
    [ "ldr1:DO", "bb1:19t.c", "", [ "$bb" ] ],
    [ "ldr1:AO", "bb1:18t.c", "", [ "$bb" ] ],
    [ "bz1:1", "bb1:27t.b", "", [ "$bb" ] ],
    [ "bz1:2", "bb1:28t.b", "", [ "$bb" ] ],
    [ "bz1:2", "uno:11", "green", [ "v211.2", "h-317.2", "v-288", "h-201.6" ] ],
    [ "lcd1:SCL", "uno:A5", "green", [ "h-28.8", "v0.3" ] ],
    [ "lcd1:SDA", "uno:A4", "green", [ "h0" ] ],
    [ "lcd1:VCC", "bb1:bp.2", "red", [ "h-9.6", "v-47.9", "h153.6" ] ],
    [ "lcd1:GND", "bb1:bn.5", "black", [ "h-19.2", "v-48", "h163.2" ] ],
    [ "dht1:VCC", "bb1:35t.c", "", [ "$bb" ] ],
    [ "dht1:SDA", "bb1:36t.c", "", [ "$bb" ] ],
    [ "dht1:NC", "bb1:37t.c", "", [ "$bb" ] ],
    [ "dht1:GND", "bb1:38t.c", "", [ "$bb" ] ],
    [ "dht1:VCC", "bb1:bp.28", "red", [ "v0" ] ],
    [ "dht1:GND", "bb1:bn.30", "black", [ "v0" ] ],
    [ "dht1:SDA", "uno:8", "green", [ "v153.6", "h-403.1", "v-259.2", "h-172.8", "v76.8" ] ]
  ],
  "dependencies": {}
}